{
    "loss": 0.21409349143505096,
    "accuracy": 0.9233333468437195
}