{
    "loss": 0.3794728219509125,
    "accuracy": 0.9620991349220276
}