{
    "loss": 0.679767906665802,
    "accuracy": 0.9446064233779907
}